-- ============================================================
-- tooktak 시공관리플랫폼 샘플 데이터
-- ============================================================

BEGIN;

-- ============================================================
-- 1. 회사 데이터
-- ============================================================
INSERT INTO companies (id, name, business_no, company_type, ceo_name, address, phone, email) VALUES
  ('11111111-0000-0000-0000-000000000001', '(주)한국건설', '123-45-67890', 'general_contractor', '김건설', '서울특별시 강남구 테헤란로 123', '02-1234-5678', 'info@hankook-const.co.kr'),
  ('11111111-0000-0000-0000-000000000002', '(주)대한건축', '234-56-78901', 'general_contractor', '이대한', '서울특별시 서초구 서초대로 456', '02-2345-6789', 'info@daehan-arch.co.kr'),
  ('11111111-0000-0000-0000-000000000003', '(주)서울철근', '345-67-89012', 'subcontractor', '박철근', '경기도 성남시 분당구 정자로 78', '031-345-6789', 'info@seoul-rebar.co.kr'),
  ('11111111-0000-0000-0000-000000000004', '(주)현대전기', '456-78-90123', 'subcontractor', '최전기', '경기도 수원시 영통구 광교로 90', '031-456-7890', 'info@hyundai-elec.co.kr'),
  ('11111111-0000-0000-0000-000000000005', '(주)강남개발', '567-89-01234', 'client', '정강남', '서울특별시 강남구 압구정로 200', '02-5678-9012', 'info@gangnam-dev.co.kr'),
  ('11111111-0000-0000-0000-000000000006', '(주)미래자재', '678-90-12345', 'supplier', '한미래', '인천광역시 남동구 공단대로 300', '032-678-9012', 'info@mirae-mat.co.kr');

-- ============================================================
-- 2. 사용자 데이터
-- ============================================================
INSERT INTO users (id, company_id, email, name, phone, role, status, position, department) VALUES
  ('22222222-0000-0000-0000-000000000001', '11111111-0000-0000-0000-000000000001', 'admin@tooktak.kr',      '관리자',    '010-0000-0001', 'admin',      'active', '시스템관리자', 'IT'),
  ('22222222-0000-0000-0000-000000000002', '11111111-0000-0000-0000-000000000001', 'kim.manager@tooktak.kr','김현장',    '010-1111-1001', 'manager',    'active', '현장소장',    '공사팀'),
  ('22222222-0000-0000-0000-000000000003', '11111111-0000-0000-0000-000000000001', 'lee.super@tooktak.kr',  '이감리',    '010-1111-1002', 'supervisor', 'active', '감리',        '품질팀'),
  ('22222222-0000-0000-0000-000000000004', '11111111-0000-0000-0000-000000000002', 'park.manager@tooktak.kr','박소장',   '010-2222-2001', 'manager',    'active', '현장소장',    '공사팀'),
  ('22222222-0000-0000-0000-000000000005', '11111111-0000-0000-0000-000000000003', 'choi.work@tooktak.kr',  '최작업',   '010-3333-3001', 'worker',     'active', '철근공',      NULL),
  ('22222222-0000-0000-0000-000000000006', '11111111-0000-0000-0000-000000000004', 'jung.elec@tooktak.kr',  '정전기',   '010-4444-4001', 'worker',     'active', '전기기사',    NULL),
  ('22222222-0000-0000-0000-000000000007', '11111111-0000-0000-0000-000000000005', 'han.client@tooktak.kr', '한발주',   '010-5555-5001', 'client',     'active', '담당이사',    '개발본부');

-- ============================================================
-- 3. 공정 카테고리
-- ============================================================
INSERT INTO work_categories (id, parent_id, name, code, sort_order) VALUES
  -- 대분류
  ('33333333-0000-0000-0000-000000000001', NULL, '토공사',    'A', 1),
  ('33333333-0000-0000-0000-000000000002', NULL, '콘크리트공사', 'B', 2),
  ('33333333-0000-0000-0000-000000000003', NULL, '철근공사',  'C', 3),
  ('33333333-0000-0000-0000-000000000004', NULL, '거푸집공사', 'D', 4),
  ('33333333-0000-0000-0000-000000000005', NULL, '조적공사',  'E', 5),
  ('33333333-0000-0000-0000-000000000006', NULL, '방수공사',  'F', 6),
  ('33333333-0000-0000-0000-000000000007', NULL, '마감공사',  'G', 7),
  ('33333333-0000-0000-0000-000000000008', NULL, '전기공사',  'H', 8),
  ('33333333-0000-0000-0000-000000000009', NULL, '기계설비공사','I', 9),
  ('33333333-0000-0000-0000-000000000010', NULL, '소방공사',  'J', 10),
  -- 중분류 (콘크리트공사)
  ('33333333-0000-0000-0000-000000000011', '33333333-0000-0000-0000-000000000002', '기초콘크리트', 'B01', 1),
  ('33333333-0000-0000-0000-000000000012', '33333333-0000-0000-0000-000000000002', '골조콘크리트', 'B02', 2),
  ('33333333-0000-0000-0000-000000000013', '33333333-0000-0000-0000-000000000002', '슬래브콘크리트', 'B03', 3),
  -- 중분류 (전기공사)
  ('33333333-0000-0000-0000-000000000014', '33333333-0000-0000-0000-000000000008', '수변전설비', 'H01', 1),
  ('33333333-0000-0000-0000-000000000015', '33333333-0000-0000-0000-000000000008', '동력설비',   'H02', 2),
  ('33333333-0000-0000-0000-000000000016', '33333333-0000-0000-0000-000000000008', '조명설비',   'H03', 3);

-- ============================================================
-- 4. 프로젝트 데이터
-- ============================================================
INSERT INTO projects (
    id, project_no, name, client_company_id, contractor_id, project_type, status,
    address, latitude, longitude, site_area, building_area, total_floor_area,
    floors_above, floors_below,
    contract_date, start_date, planned_end_date,
    contract_amount, budget_amount, progress_rate, manager_id, created_by
) VALUES
  (
    '44444444-0000-0000-0000-000000000001',
    'PRJ-2024-001',
    '강남 복합주거시설 신축공사',
    '11111111-0000-0000-0000-000000000005',
    '11111111-0000-0000-0000-000000000001',
    'new_construction', 'in_progress',
    '서울특별시 강남구 역삼동 123-45', 37.5013, 127.0392,
    3500.00, 1800.00, 25000.00, 25, 3,
    '2024-01-15', '2024-03-01', '2026-02-28',
    85000000000, 83000000000, 35.50,
    '22222222-0000-0000-0000-000000000002',
    '22222222-0000-0000-0000-000000000001'
  ),
  (
    '44444444-0000-0000-0000-000000000002',
    'PRJ-2024-002',
    '서초 오피스텔 리모델링공사',
    '11111111-0000-0000-0000-000000000005',
    '11111111-0000-0000-0000-000000000002',
    'renovation', 'in_progress',
    '서울특별시 서초구 서초동 789-12', 37.4837, 127.0324,
    1200.00, 800.00, 9600.00, 12, 2,
    '2024-04-01', '2024-05-01', '2025-04-30',
    12000000000, 11500000000, 62.30,
    '22222222-0000-0000-0000-000000000004',
    '22222222-0000-0000-0000-000000000001'
  ),
  (
    '44444444-0000-0000-0000-000000000003',
    'PRJ-2023-015',
    '판교 물류센터 신축공사',
    '11111111-0000-0000-0000-000000000005',
    '11111111-0000-0000-0000-000000000001',
    'new_construction', 'completed',
    '경기도 성남시 분당구 판교동 456-78', 37.3943, 127.1110,
    8000.00, 5000.00, 40000.00, 4, 1,
    '2023-01-10', '2023-03-01', '2024-02-29',
    45000000000, 44000000000, 100.00,
    '22222222-0000-0000-0000-000000000002',
    '22222222-0000-0000-0000-000000000001'
  );

-- ============================================================
-- 5. 프로젝트 멤버
-- ============================================================
INSERT INTO project_members (project_id, user_id, role) VALUES
  ('44444444-0000-0000-0000-000000000001', '22222222-0000-0000-0000-000000000002', 'manager'),
  ('44444444-0000-0000-0000-000000000001', '22222222-0000-0000-0000-000000000003', 'supervisor'),
  ('44444444-0000-0000-0000-000000000001', '22222222-0000-0000-0000-000000000005', 'worker'),
  ('44444444-0000-0000-0000-000000000001', '22222222-0000-0000-0000-000000000007', 'client'),
  ('44444444-0000-0000-0000-000000000002', '22222222-0000-0000-0000-000000000004', 'manager'),
  ('44444444-0000-0000-0000-000000000002', '22222222-0000-0000-0000-000000000006', 'worker');

-- ============================================================
-- 6. 하도급 계약
-- ============================================================
INSERT INTO subcontracts (id, project_id, subcontractor_id, contract_no, work_scope, contract_amount, start_date, end_date, status) VALUES
  (
    '55555555-0000-0000-0000-000000000001',
    '44444444-0000-0000-0000-000000000001',
    '11111111-0000-0000-0000-000000000003',
    'SUB-2024-001-01', '철근콘크리트 골조공사 전체',
    18000000000, '2024-03-01', '2025-08-31', 'in_progress'
  ),
  (
    '55555555-0000-0000-0000-000000000002',
    '44444444-0000-0000-0000-000000000001',
    '11111111-0000-0000-0000-000000000004',
    'SUB-2024-001-02', '전기설비 전체공사',
    5500000000, '2024-06-01', '2025-12-31', 'in_progress'
  );

-- ============================================================
-- 7. 작업지시서
-- ============================================================
INSERT INTO work_orders (
    id, order_no, project_id, category_id, title, description, location, floor,
    status, priority, planned_start, planned_end, assigned_to, created_by
) VALUES
  (
    '66666666-0000-0000-0000-000000000001',
    'WO-2025-001-001',
    '44444444-0000-0000-0000-000000000001',
    '33333333-0000-0000-0000-000000000012',
    '5층 골조 콘크리트 타설',
    '5층 전체 골조 콘크리트 타설 작업. 배합비 24-21-12 기준으로 시행.',
    '5층 전체', '5F',
    'in_progress', 'high',
    '2025-03-10', '2025-03-15',
    '22222222-0000-0000-0000-000000000005',
    '22222222-0000-0000-0000-000000000002'
  ),
  (
    '66666666-0000-0000-0000-000000000002',
    'WO-2025-001-002',
    '44444444-0000-0000-0000-000000000001',
    '33333333-0000-0000-0000-000000000003',
    '5층 철근 배근 작업',
    '5층 기둥 및 보 철근 배근. D25@200 기준.',
    '5층 기둥·보', '5F',
    'completed', 'high',
    '2025-03-05', '2025-03-09',
    '22222222-0000-0000-0000-000000000005',
    '22222222-0000-0000-0000-000000000002'
  ),
  (
    '66666666-0000-0000-0000-000000000003',
    'WO-2025-001-003',
    '44444444-0000-0000-0000-000000000001',
    '33333333-0000-0000-0000-000000000015',
    '3~5층 전기 간선 포설',
    '3층부터 5층까지 주요 전기 간선 케이블 포설 및 트레이 설치.',
    '3~5층 EPS실', '3F~5F',
    'pending', 'medium',
    '2025-03-20', '2025-04-05',
    '22222222-0000-0000-0000-000000000006',
    '22222222-0000-0000-0000-000000000004'
  ),
  (
    '66666666-0000-0000-0000-000000000004',
    'WO-2024-002-001',
    '44444444-0000-0000-0000-000000000002',
    '33333333-0000-0000-0000-000000000007',
    '3~6층 도배 및 바닥재 시공',
    '리모델링 구간 도배 재시공 및 LVT 바닥재 설치.',
    '3~6층 전체 세대', '3F~6F',
    'in_progress', 'medium',
    '2025-02-15', '2025-04-30',
    '22222222-0000-0000-0000-000000000004',
    '22222222-0000-0000-0000-000000000004'
  );

-- ============================================================
-- 8. 자재
-- ============================================================
INSERT INTO materials (id, code, name, category, specification, unit, unit_price, supplier_id) VALUES
  ('77777777-0000-0000-0000-000000000001', 'MAT-CON-001', '레미콘 25-21-12', '콘크리트', '25-21-12 / 슬럼프 120', 'm³',  80000, '11111111-0000-0000-0000-000000000006'),
  ('77777777-0000-0000-0000-000000000002', 'MAT-STL-001', '철근 D25',        '철근',     'SD400 D25 12m',          ton, 1100000, '11111111-0000-0000-0000-000000000006'),
  ('77777777-0000-0000-0000-000000000003', 'MAT-STL-002', '철근 D16',        '철근',     'SD400 D16 12m',          ton, 1050000, '11111111-0000-0000-0000-000000000006'),
  ('77777777-0000-0000-0000-000000000004', 'MAT-ELC-001', 'CV 케이블 240',   '전선',     'CV 240mm² 1C',           m,      8500, '11111111-0000-0000-0000-000000000006'),
  ('77777777-0000-0000-0000-000000000005', 'MAT-FIN-001', 'LVT 바닥재',      '마감재',   '두께 3mm 600×600',       m²,    15000, '11111111-0000-0000-0000-000000000006');

-- ============================================================
-- 9. 자재 발주
-- ============================================================
INSERT INTO material_orders (
    id, order_no, project_id, material_id, supplier_id, status,
    planned_qty, ordered_qty, delivered_qty, used_qty,
    unit_price, total_amount, planned_date, order_date, delivery_date,
    work_order_id, created_by
) VALUES
  (
    '88888888-0000-0000-0000-000000000001',
    'MO-2025-001-001',
    '44444444-0000-0000-0000-000000000001',
    '77777777-0000-0000-0000-000000000001',
    '11111111-0000-0000-0000-000000000006',
    'delivered',
    450.00, 450.00, 450.00, 380.00,
    80000, 36000000,
    '2025-03-08', '2025-03-06', '2025-03-10',
    '66666666-0000-0000-0000-000000000001',
    '22222222-0000-0000-0000-000000000002'
  ),
  (
    '88888888-0000-0000-0000-000000000002',
    'MO-2025-001-002',
    '44444444-0000-0000-0000-000000000001',
    '77777777-0000-0000-0000-000000000002',
    '11111111-0000-0000-0000-000000000006',
    'delivered',
    85.00, 85.00, 85.00, 85.00,
    1100000, 93500000,
    '2025-03-03', '2025-03-01', '2025-03-05',
    '66666666-0000-0000-0000-000000000002',
    '22222222-0000-0000-0000-000000000002'
  ),
  (
    '88888888-0000-0000-0000-000000000003',
    'MO-2025-001-003',
    '44444444-0000-0000-0000-000000000001',
    '77777777-0000-0000-0000-000000000004',
    '11111111-0000-0000-0000-000000000006',
    'ordered',
    1200.00, 1200.00, 0.00, 0.00,
    8500, 10200000,
    '2025-03-18', '2025-03-15', NULL,
    '66666666-0000-0000-0000-000000000003',
    '22222222-0000-0000-0000-000000000004'
  );

-- ============================================================
-- 10. 검사 템플릿
-- ============================================================
INSERT INTO inspection_templates (id, name, category_id) VALUES
  ('99999999-0000-0000-0000-000000000001', '콘크리트 타설 전 검사', '33333333-0000-0000-0000-000000000012'),
  ('99999999-0000-0000-0000-000000000002', '철근 배근 검사',        '33333333-0000-0000-0000-000000000003'),
  ('99999999-0000-0000-0000-000000000003', '전기설비 중간검사',      '33333333-0000-0000-0000-000000000008');

INSERT INTO inspection_template_items (template_id, sort_order, item, criteria) VALUES
  -- 콘크리트 타설 전 검사
  ('99999999-0000-0000-0000-000000000001', 1, '거푸집 설치 상태 확인', '뒤틀림·처짐 없을 것, 이음부 밀실'),
  ('99999999-0000-0000-0000-000000000001', 2, '철근 배근 상태 확인', '간격·피복두께 설계도서 기준'),
  ('99999999-0000-0000-0000-000000000001', 3, '청소 및 이물질 제거', '거푸집 내부 이물질 없을 것'),
  ('99999999-0000-0000-0000-000000000001', 4, '레미콘 배합 확인', '배합비 설계기준 일치'),
  -- 철근 배근 검사
  ('99999999-0000-0000-0000-000000000002', 1, '철근 규격 확인', 'SD400, 지름 설계도서 기준'),
  ('99999999-0000-0000-0000-000000000002', 2, '피복두께 확인', '기둥: 40mm 이상, 보: 40mm 이상'),
  ('99999999-0000-0000-0000-000000000002', 3, '이음 및 정착 확인', '이음길이 40d 이상'),
  ('99999999-0000-0000-0000-000000000002', 4, '결속 상태 확인', '결속선 모든 교차부 결속'),
  -- 전기 중간검사
  ('99999999-0000-0000-0000-000000000003', 1, '배관 설치 상태', 'CD관·EMT관 구분 시공, 굴곡반경 준수'),
  ('99999999-0000-0000-0000-000000000003', 2, '절연저항 측정', '500V DC, 1MΩ 이상'),
  ('99999999-0000-0000-0000-000000000003', 3, '접지 연속성 확인', '접지선 단선 없을 것');

-- ============================================================
-- 11. 검사 기록
-- ============================================================
INSERT INTO inspections (
    id, project_id, work_order_id, template_id, inspection_type,
    status, title, location, floor, scheduled_date, inspected_date,
    inspector_id, result_notes, created_by
) VALUES
  (
    'aaaaaaaa-0000-0000-0000-000000000001',
    '44444444-0000-0000-0000-000000000001',
    '66666666-0000-0000-0000-000000000002',
    '99999999-0000-0000-0000-000000000002',
    'pre_work', 'passed',
    '5층 철근 배근 검사', '5층 전체', '5F',
    '2025-03-08', '2025-03-08',
    '22222222-0000-0000-0000-000000000003',
    '전체 검사 완료. 피복두께 일부 조정 후 합격 처리.',
    '22222222-0000-0000-0000-000000000002'
  ),
  (
    'aaaaaaaa-0000-0000-0000-000000000002',
    '44444444-0000-0000-0000-000000000001',
    '66666666-0000-0000-0000-000000000001',
    '99999999-0000-0000-0000-000000000001',
    'in_progress', 'in_progress',
    '5층 콘크리트 타설 전 검사', '5층 전체', '5F',
    '2025-03-10', NULL,
    '22222222-0000-0000-0000-000000000003',
    NULL,
    '22222222-0000-0000-0000-000000000002'
  );

-- ============================================================
-- 12. 이슈/하자
-- ============================================================
INSERT INTO issues (
    id, issue_no, project_id, work_order_id, category_id,
    title, description, location, floor,
    status, severity, reported_by, assigned_to, due_date
) VALUES
  (
    'bbbbbbbb-0000-0000-0000-000000000001',
    'ISS-2025-001-001',
    '44444444-0000-0000-0000-000000000001',
    '66666666-0000-0000-0000-000000000002',
    '33333333-0000-0000-0000-000000000003',
    '5층 C-03 기둥 피복두께 부족',
    '5층 C-03 기둥 동측면 피복두께 28mm 측정 (기준: 40mm). 즉시 보강 조치 필요.',
    '5층 C-03 기둥', '5F',
    'in_progress', 'major',
    '22222222-0000-0000-0000-000000000003',
    '22222222-0000-0000-0000-000000000005',
    '2025-03-09'
  ),
  (
    'bbbbbbbb-0000-0000-0000-000000000002',
    'ISS-2025-001-002',
    '44444444-0000-0000-0000-000000000001',
    '66666666-0000-0000-0000-000000000001',
    '33333333-0000-0000-0000-000000000002',
    '4층 슬래브 균열 발생',
    '4층 슬래브 중앙부 0.2mm 균열 확인. 비구조적 균열로 판단되나 모니터링 필요.',
    '4층 슬래브', '4F',
    'open', 'minor',
    '22222222-0000-0000-0000-000000000002',
    '22222222-0000-0000-0000-000000000005',
    '2025-03-30'
  ),
  (
    'bbbbbbbb-0000-0000-0000-000000000003',
    'ISS-2024-002-001',
    '44444444-0000-0000-0000-000000000002',
    '66666666-0000-0000-0000-000000000004',
    '33333333-0000-0000-0000-000000000007',
    '5층 301호 바닥재 들뜸',
    '5층 301호 LVT 바닥재 시공 후 일부 구간 들뜸 현상 발생. 재시공 필요.',
    '5층 301호', '5F',
    'resolved', 'minor',
    '22222222-0000-0000-0000-000000000004',
    '22222222-0000-0000-0000-000000000004',
    '2025-03-10'
  );

-- ============================================================
-- 13. 이슈 댓글
-- ============================================================
INSERT INTO issue_comments (issue_id, author_id, content) VALUES
  (
    'bbbbbbbb-0000-0000-0000-000000000001',
    '22222222-0000-0000-0000-000000000005',
    '피복 스페이서 추가 설치 완료. 재측정 결과 42mm 확인. 감리 확인 요청드립니다.'
  ),
  (
    'bbbbbbbb-0000-0000-0000-000000000001',
    '22222222-0000-0000-0000-000000000003',
    '재측정 확인 완료. 기준 충족 확인. 이슈 해결 처리 예정.'
  ),
  (
    'bbbbbbbb-0000-0000-0000-000000000003',
    '22222222-0000-0000-0000-000000000004',
    '들뜸 구간 전체 제거 후 재시공 완료. 검토 부탁드립니다.'
  );

-- ============================================================
-- 14. 일보
-- ============================================================
INSERT INTO daily_reports (
    id, project_id, report_date, weather, temperature,
    work_summary, progress_notes, safety_notes, worker_count,
    created_by
) VALUES
  (
    'cccccccc-0000-0000-0000-000000000001',
    '44444444-0000-0000-0000-000000000001',
    '2025-03-10', '맑음', 8.5,
    '5층 콘크리트 타설 작업 시작. 레미콘 450m³ 타설 완료 (전체의 84%).',
    '5층 골조 공정률 84% 달성. 나머지 16%는 내일 완료 예정.',
    '타설 중 낙하물 방지망 점검 완료. 안전 이상 없음.',
    42,
    '22222222-0000-0000-0000-000000000002'
  ),
  (
    'cccccccc-0000-0000-0000-000000000002',
    '44444444-0000-0000-0000-000000000001',
    '2025-03-09', '흐림', 6.0,
    '5층 철근 배근 완료 및 감리 검사 합격. 거푸집 최종 점검 완료.',
    '5층 철근 배근 100% 완료. 감리 검사 합격 처리.',
    '비계 작업 시 안전대 착용 전원 확인. 위험 요소 없음.',
    38,
    '22222222-0000-0000-0000-000000000002'
  );

INSERT INTO daily_report_items (report_id, work_order_id, category_id, description, quantity, unit, worker_count, progress_rate) VALUES
  ('cccccccc-0000-0000-0000-000000000001', '66666666-0000-0000-0000-000000000001', '33333333-0000-0000-0000-000000000012', '5층 콘크리트 타설', 380.00, 'm³', 30, 84.00),
  ('cccccccc-0000-0000-0000-000000000001', NULL, '33333333-0000-0000-0000-000000000004', '5층 거푸집 존치 관리', NULL, NULL, 12, NULL),
  ('cccccccc-0000-0000-0000-000000000002', '66666666-0000-0000-0000-000000000002', '33333333-0000-0000-0000-000000000003', '5층 철근 배근', 85.00, 'ton', 25, 100.00),
  ('cccccccc-0000-0000-0000-000000000002', NULL, '33333333-0000-0000-0000-000000000004', '5층 거푸집 점검', NULL, NULL, 13, NULL);

-- ============================================================
-- 15. 공정표
-- ============================================================
INSERT INTO schedules (id, project_id, name, version, is_baseline, created_by) VALUES
  ('dddddddd-0000-0000-0000-000000000001', '44444444-0000-0000-0000-000000000001', '강남복합주거 실시공정표 v3', 3, true,  '22222222-0000-0000-0000-000000000002'),
  ('dddddddd-0000-0000-0000-000000000002', '44444444-0000-0000-0000-000000000002', '서초오피스텔 공정표 v1',    1, true,  '22222222-0000-0000-0000-000000000004');

INSERT INTO schedule_items (schedule_id, wbs_code, name, level, sort_order, planned_start, planned_end, status, progress_rate, weight) VALUES
  -- 강남복합주거
  ('dddddddd-0000-0000-0000-000000000001', '1',     '골조공사',          1, 1,  '2024-03-01', '2025-10-31', 'in_progress', 35.5, 45.0),
  ('dddddddd-0000-0000-0000-000000000001', '1.1',   '지하층 골조',        2, 2,  '2024-03-01', '2024-08-31', 'completed',   100.0, 15.0),
  ('dddddddd-0000-0000-0000-000000000001', '1.2',   '지상층 골조 (1~10F)',2, 3,  '2024-09-01', '2025-04-30', 'in_progress',  50.0, 20.0),
  ('dddddddd-0000-0000-0000-000000000001', '1.3',   '지상층 골조 (11~25F)',2,4,  '2025-05-01', '2025-10-31', 'not_started',   0.0, 10.0),
  ('dddddddd-0000-0000-0000-000000000001', '2',     '마감공사',          1, 5,  '2025-06-01', '2026-01-31', 'not_started',   0.0, 35.0),
  ('dddddddd-0000-0000-0000-000000000001', '3',     '전기·기계설비',      1, 6,  '2024-09-01', '2026-01-31', 'in_progress',  20.0, 20.0);

-- ============================================================
-- 16. 비용 데이터
-- ============================================================
INSERT INTO costs (project_id, category, work_order_id, description, amount, cost_date, payment_status, recorded_by) VALUES
  ('44444444-0000-0000-0000-000000000001', 'material', '66666666-0000-0000-0000-000000000001', '레미콘 구매 (5층 타설용)', 36000000, '2025-03-10', 'paid', '22222222-0000-0000-0000-000000000002'),
  ('44444444-0000-0000-0000-000000000001', 'material', '66666666-0000-0000-0000-000000000002', '철근 D25 구매 (5층 배근용)', 93500000, '2025-03-05', 'paid', '22222222-0000-0000-0000-000000000002'),
  ('44444444-0000-0000-0000-000000000001', 'labor', NULL, '3월 1주차 직영 노무비', 28000000, '2025-03-07', 'paid', '22222222-0000-0000-0000-000000000002'),
  ('44444444-0000-0000-0000-000000000001', 'subcontract', NULL, '(주)서울철근 2월 기성금', 850000000, '2025-03-05', 'paid', '22222222-0000-0000-0000-000000000002'),
  ('44444444-0000-0000-0000-000000000002', 'material', '66666666-0000-0000-0000-000000000004', 'LVT 바닥재 구매', 12000000, '2025-02-20', 'paid', '22222222-0000-0000-0000-000000000004');

-- ============================================================
-- 17. 기성 청구
-- ============================================================
INSERT INTO billings (billing_no, project_id, billing_month, progress_rate, claim_amount, approved_amount, payment_status, submitted_at, approved_at) VALUES
  ('BIL-2025-001-02', '44444444-0000-0000-0000-000000000001', '2025-02-01', 32.50, 27625000000, 27200000000, 'paid', '2025-03-05', '2025-03-10'),
  ('BIL-2025-001-03', '44444444-0000-0000-0000-000000000001', '2025-03-01', 35.50, 2550000000, NULL,         'pending', '2025-04-03', NULL),
  ('BIL-2025-002-02', '44444444-0000-0000-0000-000000000002', '2025-02-01', 58.00, 6960000000, 6900000000,  'paid', '2025-03-05', '2025-03-12');

-- ============================================================
-- 18. 근로자
-- ============================================================
INSERT INTO workers (id, company_id, name, phone, trade, skill_level, is_active) VALUES
  ('eeeeeeee-0000-0000-0000-000000000001', '11111111-0000-0000-0000-000000000003', '홍길동', '010-9001-0001', '철근공', '특급', true),
  ('eeeeeeee-0000-0000-0000-000000000002', '11111111-0000-0000-0000-000000000003', '김철수', '010-9001-0002', '철근공', '고급', true),
  ('eeeeeeee-0000-0000-0000-000000000003', '11111111-0000-0000-0000-000000000003', '이영희', '010-9001-0003', '목수',   '고급', true),
  ('eeeeeeee-0000-0000-0000-000000000004', '11111111-0000-0000-0000-000000000004', '박전기', '010-9002-0001', '전기공', '특급', true),
  ('eeeeeeee-0000-0000-0000-000000000005', '11111111-0000-0000-0000-000000000001', '최안전', '010-9003-0001', '안전원', '고급', true);

-- ============================================================
-- 19. 출역 기록
-- ============================================================
INSERT INTO attendance (project_id, worker_id, work_date, check_in, check_out, work_hours, daily_wage, work_type, recorded_by) VALUES
  ('44444444-0000-0000-0000-000000000001', 'eeeeeeee-0000-0000-0000-000000000001', '2025-03-10', '2025-03-10 07:30:00+09', '2025-03-10 18:00:00+09', 9.5, 350000, '정규', '22222222-0000-0000-0000-000000000002'),
  ('44444444-0000-0000-0000-000000000001', 'eeeeeeee-0000-0000-0000-000000000002', '2025-03-10', '2025-03-10 07:30:00+09', '2025-03-10 18:00:00+09', 9.5, 300000, '정규', '22222222-0000-0000-0000-000000000002'),
  ('44444444-0000-0000-0000-000000000001', 'eeeeeeee-0000-0000-0000-000000000003', '2025-03-10', '2025-03-10 07:30:00+09', '2025-03-10 18:00:00+09', 9.5, 280000, '정규', '22222222-0000-0000-0000-000000000002'),
  ('44444444-0000-0000-0000-000000000001', 'eeeeeeee-0000-0000-0000-000000000004', '2025-03-10', '2025-03-10 08:00:00+09', '2025-03-10 18:30:00+09', 9.5, 320000, '정규', '22222222-0000-0000-0000-000000000002'),
  ('44444444-0000-0000-0000-000000000001', 'eeeeeeee-0000-0000-0000-000000000001', '2025-03-09', '2025-03-09 07:30:00+09', '2025-03-09 17:30:00+09', 9.0, 350000, '정규', '22222222-0000-0000-0000-000000000002');

-- ============================================================
-- 20. 안전점검
-- ============================================================
INSERT INTO safety_checks (id, project_id, check_date, checker_id, overall_result, notes) VALUES
  ('ffffffff-0000-0000-0000-000000000001', '44444444-0000-0000-0000-000000000001', '2025-03-10', '22222222-0000-0000-0000-000000000003', '양호', '전반적으로 안전 상태 양호. 5층 작업 구간 낙하물 방지망 상태 확인 요망.');

INSERT INTO safety_check_items (check_id, category, item, result, notes) VALUES
  ('ffffffff-0000-0000-0000-000000000001', '개인보호구', '안전모 착용', '양호', '전원 착용 확인'),
  ('ffffffff-0000-0000-0000-000000000001', '개인보호구', '안전대 착용 (고소작업)', '양호', '2m 이상 작업자 전원 착용'),
  ('ffffffff-0000-0000-0000-000000000001', '가설시설', '비계 안전상태', '양호', '결속 상태 이상 없음'),
  ('ffffffff-0000-0000-0000-000000000001', '가설시설', '낙하물 방지망', '주의', '5층 동측 일부 고정 보강 필요'),
  ('ffffffff-0000-0000-0000-000000000001', '작업환경', '정리정돈', '양호', '자재 적치 구역 준수');

-- ============================================================
-- 21. 알림
-- ============================================================
INSERT INTO notifications (user_id, project_id, type, title, body, link_type, link_id, is_read) VALUES
  ('22222222-0000-0000-0000-000000000005', '44444444-0000-0000-0000-000000000001', 'approval_request', '작업지시서 배정', 'WO-2025-001-001 작업지시서가 배정되었습니다.', 'work_order', '66666666-0000-0000-0000-000000000001', true),
  ('22222222-0000-0000-0000-000000000005', '44444444-0000-0000-0000-000000000001', 'alert', '이슈 배정', 'ISS-2025-001-001 이슈가 귀하에게 배정되었습니다.', 'issue', 'bbbbbbbb-0000-0000-0000-000000000001', true),
  ('22222222-0000-0000-0000-000000000002', '44444444-0000-0000-0000-000000000001', 'status_change', '이슈 상태 변경', 'ISS-2025-001-001 이슈가 진행중으로 변경되었습니다.', 'issue', 'bbbbbbbb-0000-0000-0000-000000000001', false),
  ('22222222-0000-0000-0000-000000000003', '44444444-0000-0000-0000-000000000001', 'approval_request', '검사 요청', '5층 콘크리트 타설 전 검사 일정이 등록되었습니다.', 'inspection', 'aaaaaaaa-0000-0000-0000-000000000002', false);

-- ============================================================
-- 22. 문서
-- ============================================================
INSERT INTO documents (project_id, doc_type, title, description, file_name, file_url, file_size, mime_type, uploaded_by) VALUES
  ('44444444-0000-0000-0000-000000000001', 'blueprint', '구조도면 S-101 ~ S-150', '지상 5층 골조 구조도면', 'structure_5F.pdf', 'https://storage.tooktak.kr/prj-001/docs/structure_5F.pdf', 8547200, 'application/pdf', '22222222-0000-0000-0000-000000000002'),
  ('44444444-0000-0000-0000-000000000001', 'contract', '원도급 계약서', '강남 복합주거시설 원도급 계약서', 'contract_main.pdf', 'https://storage.tooktak.kr/prj-001/docs/contract_main.pdf', 3241600, 'application/pdf', '22222222-0000-0000-0000-000000000001'),
  ('44444444-0000-0000-0000-000000000001', 'photo', '5층 철근 배근 완료 사진', '2025-03-09 촬영, 감리 확인용', '5F_rebar_20250309.jpg', 'https://storage.tooktak.kr/prj-001/photos/5F_rebar_20250309.jpg', 4120000, 'image/jpeg', '22222222-0000-0000-0000-000000000003'),
  ('44444444-0000-0000-0000-000000000002', 'specification', '마감재 시방서', '리모델링 마감재 품질 기준서', 'finish_spec.pdf', 'https://storage.tooktak.kr/prj-002/docs/finish_spec.pdf', 1856000, 'application/pdf', '22222222-0000-0000-0000-000000000004');

COMMIT;
